{
  "project_info": {
    "project_number": "817591326571",
    "firebase_url": "https://agrishopping-7bf55.firebaseio.com",
    "project_id": "agrishopping-7bf55",
    "storage_bucket": "agrishopping-7bf55.appspot.com"
  },
  "client": [
    {
      "client_info": {
        "mobilesdk_app_id": "1:817591326571:android:a4400d9956064f7c5d1e2e",
        "android_client_info": {
          "package_name": "com.example.agri_shopping"
        }
      },
      "oauth_client": [
        {
          "client_id": "817591326571-3lm849m4fe5u20oc9hbd8gpnansogu43.apps.googleusercontent.com",
          "client_type": 3
        }
      ],
      "api_key": [
        {
          "current_key": "AIzaSyBDDGxvyZGI7XWSznsdR6UxrYNSTJoblYs"
        }
      ],
      "services": {
        "appinvite_service": {
          "other_platform_oauth_client": [
            {
              "client_id": "817591326571-3lm849m4fe5u20oc9hbd8gpnansogu43.apps.googleusercontent.com",
              "client_type": 3
            }
          ]
        }
      }
    }
  ],
  "configuration_version": "1"
}